-- phpMyAdmin SQL Dump
-- version 5.2.1
-- https://www.phpmyadmin.net/
--
-- Host: localhost:3306
-- Generation Time: May 04, 2025 at 05:05 PM
-- Server version: 10.6.20-MariaDB-cll-lve-log
-- PHP Version: 8.1.32

SET SQL_MODE = "NO_AUTO_VALUE_ON_ZERO";
START TRANSACTION;
SET time_zone = "+00:00";


/*!40101 SET @OLD_CHARACTER_SET_CLIENT=@@CHARACTER_SET_CLIENT */;
/*!40101 SET @OLD_CHARACTER_SET_RESULTS=@@CHARACTER_SET_RESULTS */;
/*!40101 SET @OLD_COLLATION_CONNECTION=@@COLLATION_CONNECTION */;
/*!40101 SET NAMES utf8mb4 */;

--
-- Database: `xxvdoxxc_ruaysabai1`
--

-- --------------------------------------------------------

--
-- Table structure for table `earnings`
--

CREATE TABLE `earnings` (
  `id` int(11) NOT NULL,
  `user_id` int(11) DEFAULT NULL,
  `amount` decimal(10,2) DEFAULT NULL,
  `created_at` timestamp NOT NULL DEFAULT current_timestamp()
) ENGINE=MyISAM DEFAULT CHARSET=latin1 COLLATE=latin1_swedish_ci;

-- --------------------------------------------------------

--
-- Table structure for table `ref_commissions`
--

CREATE TABLE `ref_commissions` (
  `id` int(11) NOT NULL,
  `referrer_id` int(11) NOT NULL,
  `referred_id` int(11) NOT NULL,
  `amount` int(11) NOT NULL,
  `type` varchar(50) DEFAULT NULL,
  `created_at` datetime DEFAULT current_timestamp()
) ENGINE=MyISAM DEFAULT CHARSET=latin1 COLLATE=latin1_swedish_ci;

--
-- Dumping data for table `ref_commissions`
--

INSERT INTO `ref_commissions` (`id`, `referrer_id`, `referred_id`, `amount`, `type`, `created_at`) VALUES
(1, 10, 12, 1, 'income', '2025-05-02 04:47:27'),
(2, 10, 12, 0, 'income', '2025-05-02 04:56:56'),
(3, 10, 12, 50, 'topup', '2025-05-02 04:57:00'),
(4, 10, 13, 10, 'topup', '2025-05-02 04:58:16'),
(5, 10, 13, 60, 'topup', '2025-05-02 05:17:50'),
(6, 10, 13, 0, 'income', '2025-05-02 05:48:18'),
(7, 10, 13, 0, 'income', '2025-05-02 05:53:21'),
(8, 10, 13, 1, 'income', '2025-05-02 06:15:05'),
(9, 10, 13, 0, 'income', '2025-05-02 06:22:20'),
(10, 10, 13, 1, 'income', '2025-05-02 07:04:00'),
(11, 13, 14, 0, 'income', '2025-05-02 07:25:06'),
(12, 13, 14, 10, 'topup', '2025-05-02 07:26:05'),
(13, 13, 14, 10, 'topup', '2025-05-02 07:26:18'),
(14, 10, 13, 10, 'topup', '2025-05-02 07:26:27'),
(15, 10, 11, 1, 'income', '2025-05-02 08:36:49'),
(16, 10, 12, 0, 'income', '2025-05-02 08:47:26'),
(17, 10, 12, 1, 'income', '2025-05-02 09:05:14'),
(18, 10, 13, 1, 'income', '2025-05-03 02:33:08'),
(19, 10, 13, 0, 'income', '2025-05-03 06:21:09');

-- --------------------------------------------------------

--
-- Table structure for table `settings`
--

CREATE TABLE `settings` (
  `id` int(11) NOT NULL,
  `setting_key` varchar(255) DEFAULT NULL,
  `setting_value` text DEFAULT NULL
) ENGINE=MyISAM DEFAULT CHARSET=latin1 COLLATE=latin1_swedish_ci;

--
-- Dumping data for table `settings`
--

INSERT INTO `settings` (`id`, `setting_key`, `setting_value`) VALUES
(2, 'claim_ready_timeout', '60');

-- --------------------------------------------------------

--
-- Table structure for table `transactions`
--

CREATE TABLE `transactions` (
  `id` int(11) NOT NULL,
  `user_id` int(11) DEFAULT NULL,
  `amount` decimal(10,2) DEFAULT NULL,
  `slip_image` varchar(255) DEFAULT NULL,
  `status` enum('pending','approved','rejected') DEFAULT 'pending',
  `created_at` timestamp NOT NULL DEFAULT current_timestamp()
) ENGINE=MyISAM DEFAULT CHARSET=latin1 COLLATE=latin1_swedish_ci;

-- --------------------------------------------------------

--
-- Table structure for table `users`
--

CREATE TABLE `users` (
  `id` int(11) NOT NULL,
  `username` varchar(50) NOT NULL,
  `password` varchar(255) NOT NULL,
  `email` varchar(100) DEFAULT NULL,
  `balance` decimal(10,2) DEFAULT 0.00,
  `referral_code` varchar(50) DEFAULT NULL,
  `referred_by` varchar(50) DEFAULT NULL,
  `created_at` timestamp NOT NULL DEFAULT current_timestamp(),
  `ref_by` varchar(100) DEFAULT NULL,
  `level` varchar(20) DEFAULT 'free'
) ENGINE=MyISAM DEFAULT CHARSET=latin1 COLLATE=latin1_swedish_ci;

--
-- Dumping data for table `users`
--

INSERT INTO `users` (`id`, `username`, `password`, `email`, `balance`, `referral_code`, `referred_by`, `created_at`, `ref_by`, `level`) VALUES
(1, 'administrator', '$2y$10$riGoMf4EuhiDHyBsmyqGBOFSGzJTCNVxH7x0RTDgynEvsoJ/qd9vy', 'newnop9991@gmail.com', 0.00, NULL, NULL, '2025-05-01 07:58:01', NULL, 'free'),
(15, 'admin5', '$2y$10$JjGKXZuGSBYTNQiXLwOTUuTj1GmwjMXOFuqqButh4oQ.TUORiJH7G', 'sub455999@gmail.com', 1038.19, NULL, NULL, '2025-05-02 09:12:11', '', 'free'),
(14, 'linhphamthi', '$2y$10$XxAIDA6dxnPH1JLJhYrOmeY3Kszoj9t1P.pCSyH0qLmZLOdgV3VK6', 'linhda7333@gmail.com', 200.00, NULL, NULL, '2025-05-02 07:24:01', 'admin4', 'free'),
(13, 'admin4', '$2y$10$npm0DhBsABZ777TZWZu.IOzeAYVVTojRYps.tmSy7DuRAZsjf6HIO', 'newno4p9991@gmail.com', 800.00, NULL, NULL, '2025-05-02 04:57:58', 'admin', 'free'),
(12, 'admin3', '$2y$10$y4Iux7tZeUcbgK55ZSPsyO8noYvTMbmlTOd66O8lia3w83SBoOqjS', 'new3nop9991@gmail.com', 521.50, NULL, NULL, '2025-05-02 04:47:22', 'admin', 'free'),
(11, 'admin2', '$2y$10$8Llc0RZn5uekAiv4PCP/1uwWMFeDgeDYWpWCs303RM6WNpSZpz0HG', 'newnop99941@gmail.com', 13.42, NULL, NULL, '2025-05-02 04:06:21', 'admin', 'free'),
(10, 'admin', '$2y$10$ux04Lm0.cj3i0x0eEAgTJeIP1gOi/6i4jy1oUnjylCLNWOgf04UDG', 'newnop99911@gmail.com', 8.93, NULL, NULL, '2025-05-02 04:01:15', '', 'free'),
(9, 'nopaudio9', '$2y$10$VOsfvz2KwnxeJL7IiU1OXucOF2oG/2syv.ZGLkooM74iUx7BjxIDS', 'newnop95991@gmail.com', 0.00, NULL, NULL, '2025-05-02 03:33:07', '', 'free'),
(16, 'WdvOhcRst', '$2y$10$.zCI9kSVgi5SXvKNvQuFeOsN7KcaaHpwHPRmR3XginUWZOH289pXW', 'cardidurlipp1982@yahoo.com', 0.00, NULL, NULL, '2025-05-03 12:19:56', '', 'free');

-- --------------------------------------------------------

--
-- Table structure for table `user_bonus`
--

CREATE TABLE `user_bonus` (
  `id` int(11) NOT NULL,
  `user_id` int(11) DEFAULT NULL,
  `amount` int(11) DEFAULT NULL,
  `bonus_at` date DEFAULT NULL
) ENGINE=MyISAM DEFAULT CHARSET=latin1 COLLATE=latin1_swedish_ci;

--
-- Dumping data for table `user_bonus`
--

INSERT INTO `user_bonus` (`id`, `user_id`, `amount`, `bonus_at`) VALUES
(1, 5, 38, '2025-05-01'),
(2, 2, 17, '2025-05-01'),
(3, 13, 44, '2025-05-02'),
(4, 10, 21, '2025-05-02'),
(5, 14, 7, '2025-05-02'),
(6, 11, 48, '2025-05-02'),
(7, 12, 28, '2025-05-02'),
(8, 15, 23, '2025-05-02');

-- --------------------------------------------------------

--
-- Table structure for table `user_earnings`
--

CREATE TABLE `user_earnings` (
  `id` int(11) NOT NULL,
  `user_id` int(11) NOT NULL,
  `amount` int(11) NOT NULL,
  `earned_at` datetime DEFAULT current_timestamp()
) ENGINE=MyISAM DEFAULT CHARSET=latin1 COLLATE=latin1_swedish_ci;

--
-- Dumping data for table `user_earnings`
--

INSERT INTO `user_earnings` (`id`, `user_id`, `amount`, `earned_at`) VALUES
(1, 5, 15, '2025-05-01 17:02:14'),
(2, 5, 5, '2025-05-01 17:07:30'),
(3, 5, 20, '2025-05-01 17:15:33'),
(4, 5, 17, '2025-05-01 17:26:18'),
(5, 5, 15, '2025-05-01 17:37:20'),
(6, 5, 5, '2025-05-01 17:53:47'),
(7, 5, 16, '2025-05-01 18:08:29'),
(8, 5, 10, '2025-05-01 18:21:18'),
(9, 5, 18, '2025-05-01 18:47:20'),
(10, 5, 13, '2025-05-01 18:52:31'),
(11, 5, 16, '2025-05-01 19:02:20'),
(12, 5, 14, '2025-05-01 19:10:07'),
(13, 5, 16, '2025-05-01 19:15:09'),
(14, 5, 7, '2025-05-01 19:25:15'),
(15, 3, 5, '2025-05-01 19:29:37'),
(16, 5, 14, '2025-05-01 19:30:25'),
(17, 5, 18, '2025-05-01 19:36:53'),
(18, 5, 18, '2025-05-01 19:42:52'),
(19, 5, 5, '2025-05-01 19:48:03'),
(20, 5, 7, '2025-05-01 19:53:16'),
(21, 3, 17, '2025-05-01 19:55:36'),
(22, 7, 16, '2025-05-01 19:58:12'),
(23, 5, 7, '2025-05-01 19:58:38'),
(24, 3, 16, '2025-05-01 20:00:57'),
(25, 5, 10, '2025-05-01 20:03:52'),
(26, 2, 8, '2025-05-01 20:04:52'),
(27, 2, 20, '2025-05-01 20:10:47'),
(28, 3, 7, '2025-05-01 20:10:58'),
(29, 2, 10, '2025-05-01 20:16:52'),
(30, 3, 15, '2025-05-01 20:25:14'),
(31, 3, 9, '2025-05-01 20:30:43'),
(32, 3, 18, '2025-05-01 20:36:06'),
(33, 2, 6, '2025-05-01 20:38:58'),
(34, 5, 15, '2025-05-01 20:40:51'),
(35, 2, 12, '2025-05-02 01:58:28'),
(36, 3, 18, '2025-05-02 02:46:01'),
(37, 3, 9, '2025-05-02 02:52:49'),
(38, 3, 5, '2025-05-02 03:01:20'),
(39, 5, 6, '2025-05-02 03:01:43'),
(40, 5, 12, '2025-05-02 03:06:55'),
(41, 6, 12, '2025-05-02 03:10:26'),
(42, 8, 12, '2025-05-02 03:27:41'),
(43, 6, 13, '2025-05-02 03:28:53'),
(44, 9, 10, '2025-05-02 03:33:14'),
(45, 10, 5, '2025-05-02 04:05:41'),
(46, 11, 9, '2025-05-02 04:06:32'),
(47, 10, 8, '2025-05-02 04:15:28'),
(48, 11, 5, '2025-05-02 04:16:02'),
(49, 10, 10, '2025-05-02 04:20:33'),
(50, 10, 17, '2025-05-02 04:29:36'),
(51, 10, 11, '2025-05-02 04:29:36'),
(52, 10, 15, '2025-05-02 04:47:00'),
(53, 12, 14, '2025-05-02 04:47:27'),
(54, 12, 8, '2025-05-02 04:56:56'),
(55, 10, 5, '2025-05-02 04:59:35'),
(56, 10, 5, '2025-05-02 05:21:13'),
(57, 10, 14, '2025-05-02 05:26:34'),
(58, 10, 11, '2025-05-02 05:39:40'),
(59, 13, 6, '2025-05-02 05:48:18'),
(60, 10, 11, '2025-05-02 05:50:25'),
(61, 13, 5, '2025-05-02 05:53:21'),
(62, 10, 10, '2025-05-02 05:55:28'),
(63, 13, 15, '2025-05-02 06:15:05'),
(64, 13, 9, '2025-05-02 06:22:20'),
(65, 10, 14, '2025-05-02 06:24:49'),
(66, 10, 15, '2025-05-02 06:50:36'),
(67, 10, 15, '2025-05-02 06:56:55'),
(68, 13, 10, '2025-05-02 07:04:00'),
(69, 14, 7, '2025-05-02 07:25:06'),
(70, 10, 6, '2025-05-02 07:50:39'),
(71, 10, 5, '2025-05-02 07:50:40'),
(72, 10, 3, '2025-05-02 07:50:41'),
(73, 10, 1, '2025-05-02 07:50:41'),
(74, 10, 9, '2025-05-02 07:50:41'),
(75, 10, 1, '2025-05-02 07:50:41'),
(76, 10, 4, '2025-05-02 07:50:41'),
(77, 10, 9, '2025-05-02 07:50:42'),
(78, 10, 9, '2025-05-02 07:50:42'),
(79, 10, 2, '2025-05-02 07:50:42'),
(80, 10, 2, '2025-05-02 07:50:42'),
(81, 10, 2, '2025-05-02 07:50:42'),
(82, 10, 9, '2025-05-02 07:50:43'),
(83, 10, 5, '2025-05-02 07:50:43'),
(84, 10, 2, '2025-05-02 07:50:43'),
(85, 10, 9, '2025-05-02 07:50:46'),
(86, 10, 7, '2025-05-02 07:50:46'),
(87, 10, 3, '2025-05-02 07:50:47'),
(88, 10, 9, '2025-05-02 07:50:47'),
(89, 10, 1, '2025-05-02 07:50:47'),
(90, 10, 8, '2025-05-02 07:50:47'),
(91, 10, 8, '2025-05-02 07:50:47'),
(92, 10, 6, '2025-05-02 07:50:48'),
(93, 10, 10, '2025-05-02 07:50:48'),
(94, 10, 8, '2025-05-02 07:50:48'),
(95, 10, 10, '2025-05-02 07:50:48'),
(96, 10, 9, '2025-05-02 07:50:48'),
(97, 10, 9, '2025-05-02 07:50:48'),
(98, 10, 2, '2025-05-02 07:50:49'),
(99, 10, 9, '2025-05-02 07:50:49'),
(100, 10, 6, '2025-05-02 07:50:49'),
(101, 10, 1, '2025-05-02 07:50:49'),
(102, 10, 3, '2025-05-02 07:50:49'),
(103, 10, 10, '2025-05-02 07:50:52'),
(104, 10, 1, '2025-05-02 07:50:53'),
(105, 10, 10, '2025-05-02 07:50:53'),
(106, 10, 1, '2025-05-02 07:50:53'),
(107, 10, 6, '2025-05-02 07:50:53'),
(108, 10, 4, '2025-05-02 07:51:29'),
(109, 10, 10, '2025-05-02 07:51:29'),
(110, 10, 5, '2025-05-02 07:51:30'),
(111, 10, 3, '2025-05-02 07:51:30'),
(112, 10, 2, '2025-05-02 07:51:30'),
(113, 10, 4, '2025-05-02 07:51:30'),
(114, 10, 5, '2025-05-02 07:51:31'),
(115, 10, 4, '2025-05-02 07:51:31'),
(116, 10, 5, '2025-05-02 07:59:52'),
(117, 10, 3, '2025-05-02 07:59:54'),
(118, 10, 9, '2025-05-02 07:59:54'),
(119, 10, 1, '2025-05-02 07:59:55'),
(120, 10, 5, '2025-05-02 07:59:55'),
(121, 10, 2, '2025-05-02 07:59:55'),
(122, 10, 1, '2025-05-02 07:59:56'),
(123, 10, 3, '2025-05-02 07:59:56'),
(124, 10, 1, '2025-05-02 07:59:56'),
(125, 10, 8, '2025-05-02 07:59:56'),
(126, 10, 4, '2025-05-02 07:59:56'),
(127, 10, 7, '2025-05-02 07:59:57'),
(128, 10, 2, '2025-05-02 07:59:57'),
(129, 10, 8, '2025-05-02 07:59:57'),
(130, 10, 10, '2025-05-02 07:59:57'),
(131, 10, 3, '2025-05-02 07:59:58'),
(132, 10, 7, '2025-05-02 07:59:58'),
(133, 10, 3, '2025-05-02 07:59:58'),
(134, 10, 6, '2025-05-02 07:59:59'),
(135, 10, 6, '2025-05-02 07:59:59'),
(136, 10, 3, '2025-05-02 07:59:59'),
(137, 10, 8, '2025-05-02 07:59:59'),
(138, 10, 8, '2025-05-02 08:00:00'),
(139, 10, 8, '2025-05-02 08:00:00'),
(140, 10, 8, '2025-05-02 08:00:00'),
(141, 10, 8, '2025-05-02 08:00:00'),
(142, 10, 9, '2025-05-02 08:00:00'),
(143, 10, 3, '2025-05-02 08:00:01'),
(144, 10, 9, '2025-05-02 08:00:01'),
(145, 10, 10, '2025-05-02 08:00:01'),
(146, 10, 3, '2025-05-02 08:00:01'),
(147, 10, 6, '2025-05-02 08:00:01'),
(148, 10, 0, '2025-05-02 08:02:18'),
(149, 10, 0, '2025-05-02 08:02:19'),
(150, 10, 0, '2025-05-02 08:02:20'),
(151, 10, 0, '2025-05-02 08:02:32'),
(152, 10, 0, '2025-05-02 08:02:33'),
(153, 10, 0, '2025-05-02 08:02:33'),
(154, 10, 0, '2025-05-02 08:02:34'),
(155, 10, 0, '2025-05-02 08:02:35'),
(156, 10, 0, '2025-05-02 08:02:39'),
(157, 10, 0, '2025-05-02 08:02:39'),
(158, 10, 0, '2025-05-02 08:02:39'),
(159, 10, 0, '2025-05-02 08:02:39'),
(160, 10, 0, '2025-05-02 08:02:42'),
(161, 10, 0, '2025-05-02 08:02:42'),
(162, 10, 0, '2025-05-02 08:02:42'),
(163, 10, 0, '2025-05-02 08:02:42'),
(164, 10, 0, '2025-05-02 08:02:42'),
(165, 10, 0, '2025-05-02 08:02:43'),
(166, 10, 0, '2025-05-02 08:02:43'),
(167, 10, 0, '2025-05-02 08:02:43'),
(168, 10, 0, '2025-05-02 08:02:43'),
(169, 10, 0, '2025-05-02 08:02:43'),
(170, 10, 0, '2025-05-02 08:02:43'),
(171, 10, 0, '2025-05-02 08:02:44'),
(172, 10, 0, '2025-05-02 08:02:44'),
(173, 10, 0, '2025-05-02 08:02:44'),
(174, 10, 0, '2025-05-02 08:02:44'),
(175, 10, 1, '2025-05-02 08:02:44'),
(176, 10, 0, '2025-05-02 08:02:45'),
(177, 10, 0, '2025-05-02 08:02:45'),
(178, 10, 0, '2025-05-02 08:02:45'),
(179, 10, 0, '2025-05-02 08:02:45'),
(180, 10, 0, '2025-05-02 08:02:45'),
(181, 10, 0, '2025-05-02 08:02:46'),
(182, 10, 0, '2025-05-02 08:02:46'),
(183, 10, 0, '2025-05-02 08:02:46'),
(184, 10, 0, '2025-05-02 08:02:46'),
(185, 10, 0, '2025-05-02 08:02:46'),
(186, 10, 0, '2025-05-02 08:02:56'),
(187, 10, 0, '2025-05-02 08:05:09'),
(188, 10, 0, '2025-05-02 08:05:10'),
(189, 10, 0, '2025-05-02 08:05:11'),
(190, 10, 0, '2025-05-02 08:05:12'),
(191, 10, 0, '2025-05-02 08:05:12'),
(192, 10, 0, '2025-05-02 08:05:13'),
(193, 10, 0, '2025-05-02 08:05:13'),
(194, 10, 0, '2025-05-02 08:05:13'),
(195, 10, 0, '2025-05-02 08:05:13'),
(196, 10, 0, '2025-05-02 08:05:13'),
(197, 10, 0, '2025-05-02 08:05:14'),
(198, 10, 1, '2025-05-02 08:05:14'),
(199, 10, 0, '2025-05-02 08:05:16'),
(200, 10, 0, '2025-05-02 08:05:16'),
(201, 10, 0, '2025-05-02 08:05:17'),
(202, 10, 0, '2025-05-02 08:05:18'),
(203, 13, 0, '2025-05-02 08:06:16'),
(204, 13, 0, '2025-05-02 08:06:17'),
(205, 13, 0, '2025-05-02 08:06:18'),
(206, 13, 0, '2025-05-02 08:06:18'),
(207, 13, 0, '2025-05-02 08:06:19'),
(208, 13, 0, '2025-05-02 08:06:19'),
(209, 13, 0, '2025-05-02 08:06:19'),
(210, 13, 0, '2025-05-02 08:06:19'),
(211, 13, 0, '2025-05-02 08:06:19'),
(212, 13, 0, '2025-05-02 08:06:19'),
(213, 13, 0, '2025-05-02 08:06:20'),
(214, 13, 0, '2025-05-02 08:06:20'),
(215, 13, 0, '2025-05-02 08:06:20'),
(216, 13, 0, '2025-05-02 08:06:20'),
(217, 13, 0, '2025-05-02 08:06:20'),
(218, 13, 0, '2025-05-02 08:06:20'),
(219, 13, 0, '2025-05-02 08:06:21'),
(220, 13, 0, '2025-05-02 08:06:21'),
(221, 13, 0, '2025-05-02 08:06:21'),
(222, 13, 0, '2025-05-02 08:06:21'),
(223, 13, 0, '2025-05-02 08:06:21'),
(224, 13, 0, '2025-05-02 08:06:21'),
(225, 13, 0, '2025-05-02 08:06:22'),
(226, 13, 0, '2025-05-02 08:06:22'),
(227, 13, 0, '2025-05-02 08:06:22'),
(228, 13, 0, '2025-05-02 08:06:23'),
(229, 13, 0, '2025-05-02 08:06:23'),
(230, 13, 0, '2025-05-02 08:06:24'),
(231, 13, 0, '2025-05-02 08:06:24'),
(232, 13, 0, '2025-05-02 08:06:24'),
(233, 13, 0, '2025-05-02 08:06:24'),
(234, 13, 0, '2025-05-02 08:06:24'),
(235, 13, 0, '2025-05-02 08:06:25'),
(236, 13, 0, '2025-05-02 08:06:25'),
(237, 13, 0, '2025-05-02 08:06:29'),
(238, 13, 0, '2025-05-02 08:06:29'),
(239, 13, 0, '2025-05-02 08:06:30'),
(240, 13, 0, '2025-05-02 08:06:30'),
(241, 13, 0, '2025-05-02 08:06:30'),
(242, 13, 0, '2025-05-02 08:06:30'),
(243, 13, 0, '2025-05-02 08:06:31'),
(244, 13, 0, '2025-05-02 08:06:31'),
(245, 13, 0, '2025-05-02 08:06:31'),
(246, 13, 0, '2025-05-02 08:06:33'),
(247, 13, 0, '2025-05-02 08:06:33'),
(248, 13, 0, '2025-05-02 08:06:33'),
(249, 13, 0, '2025-05-02 08:06:34'),
(250, 13, 0, '2025-05-02 08:06:34'),
(251, 13, 0, '2025-05-02 08:06:34'),
(252, 13, 0, '2025-05-02 08:06:34'),
(253, 13, 0, '2025-05-02 08:06:34'),
(254, 13, 0, '2025-05-02 08:06:35'),
(255, 13, 0, '2025-05-02 08:06:35'),
(256, 13, 0, '2025-05-02 08:06:35'),
(257, 13, 0, '2025-05-02 08:06:35'),
(258, 13, 0, '2025-05-02 08:06:35'),
(259, 13, 0, '2025-05-02 08:06:38'),
(260, 13, 0, '2025-05-02 08:06:38'),
(261, 13, 0, '2025-05-02 08:06:38'),
(262, 13, 0, '2025-05-02 08:06:38'),
(263, 13, 0, '2025-05-02 08:06:38'),
(264, 13, 1, '2025-05-02 08:06:38'),
(265, 13, 0, '2025-05-02 08:06:39'),
(266, 13, 0, '2025-05-02 08:06:39'),
(267, 13, 0, '2025-05-02 08:06:39'),
(268, 13, 0, '2025-05-02 08:06:39'),
(269, 13, 0, '2025-05-02 08:06:39'),
(270, 13, 0, '2025-05-02 08:06:39'),
(271, 13, 0, '2025-05-02 08:06:40'),
(272, 13, 0, '2025-05-02 08:06:40'),
(273, 13, 0, '2025-05-02 08:06:40'),
(274, 13, 0, '2025-05-02 08:06:40'),
(275, 13, 0, '2025-05-02 08:06:40'),
(276, 13, 0, '2025-05-02 08:06:41'),
(277, 13, 0, '2025-05-02 08:06:41'),
(278, 13, 0, '2025-05-02 08:06:41'),
(279, 13, 0, '2025-05-02 08:06:41'),
(280, 13, 0, '2025-05-02 08:06:42'),
(281, 13, 0, '2025-05-02 08:06:42'),
(282, 13, 0, '2025-05-02 08:06:42'),
(283, 13, 0, '2025-05-02 08:06:42'),
(284, 13, 0, '2025-05-02 08:06:42'),
(285, 13, 0, '2025-05-02 08:06:42'),
(286, 13, 0, '2025-05-02 08:06:43'),
(287, 13, 0, '2025-05-02 08:06:43'),
(288, 13, 0, '2025-05-02 08:06:43'),
(289, 13, 0, '2025-05-02 08:06:43'),
(290, 13, 0, '2025-05-02 08:06:43'),
(291, 13, 0, '2025-05-02 08:06:44'),
(292, 13, 0, '2025-05-02 08:06:44'),
(293, 13, 0, '2025-05-02 08:06:44'),
(294, 13, 0, '2025-05-02 08:06:44'),
(295, 13, 0, '2025-05-02 08:06:44'),
(296, 13, 0, '2025-05-02 08:06:45'),
(297, 10, 0, '2025-05-02 08:15:39'),
(298, 10, 0, '2025-05-02 08:15:40'),
(299, 10, 0, '2025-05-02 08:15:41'),
(300, 10, 0, '2025-05-02 08:15:42'),
(301, 10, 0, '2025-05-02 08:15:43'),
(302, 10, 0, '2025-05-02 08:15:44'),
(303, 10, 0, '2025-05-02 08:15:45'),
(304, 10, 0, '2025-05-02 08:15:46'),
(305, 10, 0, '2025-05-02 08:15:47'),
(306, 10, 0, '2025-05-02 08:15:48'),
(307, 10, 0, '2025-05-02 08:15:50'),
(308, 10, 0, '2025-05-02 08:15:52'),
(309, 10, 0, '2025-05-02 08:15:53'),
(310, 10, 0, '2025-05-02 08:16:26'),
(311, 10, 0, '2025-05-02 08:16:27'),
(312, 10, 0, '2025-05-02 08:16:28'),
(313, 10, 0, '2025-05-02 08:16:40'),
(314, 10, 0, '2025-05-02 08:16:41'),
(315, 10, 0, '2025-05-02 08:16:58'),
(316, 10, 0, '2025-05-02 08:18:09'),
(317, 10, 0, '2025-05-02 08:18:10'),
(318, 10, 0, '2025-05-02 08:18:11'),
(319, 10, 0, '2025-05-02 08:18:12'),
(320, 10, 0, '2025-05-02 08:18:13'),
(321, 10, 0, '2025-05-02 08:18:14'),
(322, 10, 0, '2025-05-02 08:18:15'),
(323, 10, 0, '2025-05-02 08:18:16'),
(324, 10, 0, '2025-05-02 08:18:17'),
(325, 10, 0, '2025-05-02 08:18:19'),
(326, 10, 0, '2025-05-02 08:18:21'),
(327, 10, 0, '2025-05-02 08:18:23'),
(328, 10, 0, '2025-05-02 08:18:25'),
(329, 10, 0, '2025-05-02 08:18:26'),
(330, 10, 0, '2025-05-02 08:18:27'),
(331, 10, 0, '2025-05-02 08:18:28'),
(332, 10, 0, '2025-05-02 08:20:06'),
(333, 10, 0, '2025-05-02 08:20:07'),
(334, 10, 0, '2025-05-02 08:20:08'),
(335, 10, 0, '2025-05-02 08:20:09'),
(336, 10, 0, '2025-05-02 08:20:15'),
(337, 10, 0, '2025-05-02 08:26:49'),
(338, 10, 0, '2025-05-02 08:26:50'),
(339, 10, 0, '2025-05-02 08:26:51'),
(340, 10, 0, '2025-05-02 08:27:01'),
(341, 10, 0, '2025-05-02 08:27:02'),
(342, 10, 0, '2025-05-02 08:27:03'),
(343, 10, 0, '2025-05-02 08:27:04'),
(344, 10, 0, '2025-05-02 08:27:05'),
(345, 10, 0, '2025-05-02 08:27:06'),
(346, 10, 0, '2025-05-02 08:27:07'),
(347, 10, 0, '2025-05-02 08:27:08'),
(348, 10, 0, '2025-05-02 08:27:09'),
(349, 10, 0, '2025-05-02 08:27:10'),
(350, 10, 0, '2025-05-02 08:27:11'),
(351, 10, 0, '2025-05-02 08:27:12'),
(352, 10, 0, '2025-05-02 08:27:13'),
(353, 10, 0, '2025-05-02 08:27:14'),
(354, 10, 0, '2025-05-02 08:27:15'),
(355, 10, 0, '2025-05-02 08:27:16'),
(356, 10, 0, '2025-05-02 08:27:17'),
(357, 10, 0, '2025-05-02 08:27:18'),
(358, 10, 0, '2025-05-02 08:33:38'),
(359, 10, 0, '2025-05-02 08:33:39'),
(360, 10, 0, '2025-05-02 08:33:40'),
(361, 10, 0, '2025-05-02 08:33:41'),
(362, 10, 0, '2025-05-02 08:33:42'),
(363, 10, 0, '2025-05-02 08:33:43'),
(364, 10, 0, '2025-05-02 08:33:44'),
(365, 10, 0, '2025-05-02 08:36:01'),
(366, 10, 0, '2025-05-02 08:36:03'),
(367, 10, 0, '2025-05-02 08:36:04'),
(368, 10, 0, '2025-05-02 08:36:05'),
(369, 11, 13, '2025-05-02 08:36:49'),
(370, 11, 0, '2025-05-02 08:36:51'),
(371, 11, 0, '2025-05-02 08:36:52'),
(372, 11, 0, '2025-05-02 08:36:53'),
(373, 11, 0, '2025-05-02 08:36:54'),
(374, 11, 0, '2025-05-02 08:36:55'),
(375, 11, 0, '2025-05-02 08:37:02'),
(376, 11, 0, '2025-05-02 08:37:06'),
(377, 11, 0, '2025-05-02 08:37:08'),
(378, 11, 0, '2025-05-02 08:37:10'),
(379, 11, 0, '2025-05-02 08:37:34'),
(380, 11, 0, '2025-05-02 08:37:35'),
(381, 11, 0, '2025-05-02 08:37:46'),
(382, 11, 0, '2025-05-02 08:37:47'),
(383, 11, 0, '2025-05-02 08:38:42'),
(384, 11, 0, '2025-05-02 08:38:44'),
(385, 11, 0, '2025-05-02 08:38:45'),
(386, 11, 0, '2025-05-02 08:39:09'),
(387, 11, 0, '2025-05-02 08:39:10'),
(388, 11, 0, '2025-05-02 08:39:11'),
(389, 11, 0, '2025-05-02 08:39:12'),
(390, 11, 0, '2025-05-02 08:39:13'),
(391, 11, 0, '2025-05-02 08:39:16'),
(392, 11, 0, '2025-05-02 08:39:20'),
(393, 11, 0, '2025-05-02 08:39:21'),
(394, 11, 0, '2025-05-02 08:39:26'),
(395, 11, 0, '2025-05-02 08:39:28'),
(396, 11, 0, '2025-05-02 08:39:30'),
(397, 11, 0, '2025-05-02 08:39:32'),
(398, 11, 0, '2025-05-02 08:39:34'),
(399, 11, 0, '2025-05-02 08:39:36'),
(400, 11, 0, '2025-05-02 08:39:38'),
(401, 11, 0, '2025-05-02 08:39:39'),
(402, 11, 0, '2025-05-02 08:39:41'),
(403, 11, 0, '2025-05-02 08:39:43'),
(404, 11, 0, '2025-05-02 08:39:45'),
(405, 11, 1, '2025-05-02 08:39:47'),
(406, 11, 0, '2025-05-02 08:39:48'),
(407, 11, 0, '2025-05-02 08:39:54'),
(408, 11, 0, '2025-05-02 08:44:39'),
(409, 11, 0, '2025-05-02 08:44:40'),
(410, 11, 0, '2025-05-02 08:44:41'),
(411, 11, 0, '2025-05-02 08:44:42'),
(412, 11, 0, '2025-05-02 08:44:46'),
(413, 11, 0, '2025-05-02 08:44:51'),
(414, 11, 0, '2025-05-02 08:46:34'),
(415, 11, 0, '2025-05-02 08:46:43'),
(416, 11, 0, '2025-05-02 08:46:44'),
(417, 11, 0, '2025-05-02 08:46:45'),
(418, 12, 9, '2025-05-02 08:47:26'),
(419, 12, 0, '2025-05-02 08:50:13'),
(420, 12, 0, '2025-05-02 08:50:15'),
(421, 12, 0, '2025-05-02 08:50:17'),
(422, 12, 0, '2025-05-02 08:50:19'),
(423, 12, 0, '2025-05-02 08:50:36'),
(424, 12, 0, '2025-05-02 08:51:19'),
(425, 12, 0, '2025-05-02 08:51:20'),
(426, 12, 0, '2025-05-02 08:51:22'),
(427, 12, 0, '2025-05-02 08:51:23'),
(428, 12, 0, '2025-05-02 08:51:26'),
(429, 12, 0, '2025-05-02 08:51:27'),
(430, 12, 0, '2025-05-02 08:51:29'),
(431, 12, 0, '2025-05-02 08:51:31'),
(432, 12, 0, '2025-05-02 08:51:33'),
(433, 12, 0, '2025-05-02 08:51:37'),
(434, 12, 0, '2025-05-02 08:51:40'),
(435, 12, 0, '2025-05-02 08:52:35'),
(436, 12, 0, '2025-05-02 08:52:39'),
(437, 12, 0, '2025-05-02 08:52:41'),
(438, 12, 0, '2025-05-02 08:52:45'),
(439, 12, 0, '2025-05-02 08:52:49'),
(440, 12, 0, '2025-05-02 08:52:53'),
(441, 12, 0, '2025-05-02 08:52:57'),
(442, 12, 0, '2025-05-02 08:52:59'),
(443, 12, 0, '2025-05-02 08:53:01'),
(444, 12, 0, '2025-05-02 08:53:06'),
(445, 12, 0, '2025-05-02 08:53:11'),
(446, 12, 0, '2025-05-02 08:53:14'),
(447, 12, 0, '2025-05-02 08:53:16'),
(448, 12, 0, '2025-05-02 08:53:20'),
(449, 12, 0, '2025-05-02 08:56:26'),
(450, 12, 0, '2025-05-02 08:56:27'),
(451, 12, 0, '2025-05-02 08:56:30'),
(452, 12, 0, '2025-05-02 08:56:31'),
(453, 12, 0, '2025-05-02 08:56:40'),
(454, 12, 0, '2025-05-02 08:56:43'),
(455, 12, 0, '2025-05-02 08:56:48'),
(456, 12, 0, '2025-05-02 08:58:01'),
(457, 12, 0, '2025-05-02 08:58:02'),
(458, 12, 0, '2025-05-02 08:58:03'),
(459, 12, 0, '2025-05-02 08:59:37'),
(460, 12, 0, '2025-05-02 08:59:39'),
(461, 12, 0, '2025-05-02 08:59:40'),
(462, 12, 0, '2025-05-02 08:59:42'),
(463, 12, 0, '2025-05-02 08:59:44'),
(464, 12, 0, '2025-05-02 08:59:46'),
(465, 12, 10, '2025-05-02 09:05:14'),
(466, 12, 0, '2025-05-02 09:05:28'),
(467, 12, 0, '2025-05-02 09:05:29'),
(468, 12, 0, '2025-05-02 09:05:30'),
(469, 12, 0, '2025-05-02 09:05:31'),
(470, 12, 0, '2025-05-02 09:05:32'),
(471, 12, 0, '2025-05-02 09:05:33'),
(472, 12, 0, '2025-05-02 09:05:34'),
(473, 12, 0, '2025-05-02 09:05:35'),
(474, 12, 0, '2025-05-02 09:05:36'),
(475, 12, 0, '2025-05-02 09:09:44'),
(476, 12, 0, '2025-05-02 09:09:48'),
(477, 12, 0, '2025-05-02 09:09:52'),
(478, 12, 0, '2025-05-02 09:09:56'),
(479, 12, 0, '2025-05-02 09:09:59'),
(480, 12, 0, '2025-05-02 09:10:01'),
(481, 12, 0, '2025-05-02 09:10:03'),
(482, 12, 0, '2025-05-02 09:10:04'),
(483, 12, 0, '2025-05-02 09:10:05'),
(484, 12, 0, '2025-05-02 09:10:06'),
(485, 12, 0, '2025-05-02 09:10:07'),
(486, 12, 0, '2025-05-02 09:10:08'),
(487, 12, 0, '2025-05-02 09:10:09'),
(488, 12, 0, '2025-05-02 09:10:10'),
(489, 12, 0, '2025-05-02 09:10:11'),
(490, 12, 0, '2025-05-02 09:11:02'),
(491, 12, 0, '2025-05-02 09:11:29'),
(492, 15, 0, '2025-05-02 09:12:21'),
(493, 15, 0, '2025-05-02 09:12:25'),
(494, 15, 0, '2025-05-02 09:12:29'),
(495, 15, 0, '2025-05-02 09:12:32'),
(496, 15, 0, '2025-05-02 09:12:36'),
(497, 15, 0, '2025-05-02 09:12:40'),
(498, 15, 0, '2025-05-02 09:12:43'),
(499, 15, 0, '2025-05-02 09:12:46'),
(500, 15, 0, '2025-05-02 09:12:47'),
(501, 15, 0, '2025-05-02 09:13:01'),
(502, 15, 0, '2025-05-02 09:20:57'),
(503, 15, 0, '2025-05-02 09:21:10'),
(504, 15, 0, '2025-05-02 09:21:13'),
(505, 15, 0, '2025-05-02 09:21:14'),
(506, 15, 0, '2025-05-02 09:21:16'),
(507, 15, 0, '2025-05-02 09:21:27'),
(508, 15, 13, '2025-05-02 09:38:02'),
(509, 15, 0, '2025-05-02 09:38:34'),
(510, 15, 0, '2025-05-02 09:38:36'),
(511, 15, 0, '2025-05-02 09:38:39'),
(512, 15, 0, '2025-05-02 09:38:46'),
(513, 15, 0, '2025-05-02 09:43:31'),
(514, 15, 0, '2025-05-02 09:43:32'),
(515, 15, 0, '2025-05-02 09:43:33'),
(516, 15, 0, '2025-05-02 09:43:35'),
(517, 15, 0, '2025-05-02 09:43:38'),
(518, 15, 0, '2025-05-02 09:43:39'),
(519, 15, 0, '2025-05-02 09:43:41'),
(520, 15, 0, '2025-05-02 09:43:43'),
(521, 15, 0, '2025-05-02 09:43:56'),
(522, 15, 0, '2025-05-02 09:43:57'),
(523, 15, 0, '2025-05-02 09:45:33'),
(524, 15, 0, '2025-05-02 09:45:49'),
(525, 15, 0, '2025-05-02 09:45:53'),
(526, 15, 0, '2025-05-02 09:45:58'),
(527, 15, 0, '2025-05-02 09:46:02'),
(528, 15, 0, '2025-05-02 09:46:42'),
(529, 15, 0, '2025-05-02 09:46:53'),
(530, 15, 0, '2025-05-02 09:46:55'),
(531, 15, 0, '2025-05-02 09:46:56'),
(532, 15, 0, '2025-05-02 09:52:49'),
(533, 15, 0, '2025-05-02 09:52:50'),
(534, 15, 1, '2025-05-02 09:52:54'),
(535, 15, 0, '2025-05-02 09:52:55'),
(536, 15, 0, '2025-05-02 09:53:03'),
(537, 15, 0, '2025-05-02 09:53:05'),
(538, 15, 0, '2025-05-02 09:53:06'),
(539, 15, 0, '2025-05-02 09:53:08'),
(540, 15, 0, '2025-05-02 09:53:12'),
(541, 15, 0, '2025-05-02 09:53:13'),
(542, 15, 0, '2025-05-02 09:53:14'),
(543, 15, 0, '2025-05-02 09:53:29'),
(544, 15, 0, '2025-05-02 09:54:05'),
(545, 15, 0, '2025-05-02 09:54:07'),
(546, 15, 0, '2025-05-02 09:54:08'),
(547, 15, 0, '2025-05-02 09:54:11'),
(548, 15, 0, '2025-05-02 09:54:13'),
(549, 15, 0, '2025-05-02 09:54:15'),
(550, 15, 0, '2025-05-02 09:54:17'),
(551, 15, 0, '2025-05-02 09:54:19'),
(552, 15, 0, '2025-05-02 09:54:21'),
(553, 15, 0, '2025-05-02 09:54:23'),
(554, 15, 0, '2025-05-02 09:54:25'),
(555, 15, 0, '2025-05-02 09:54:28'),
(556, 15, 0, '2025-05-02 09:54:29'),
(557, 15, 0, '2025-05-02 09:54:33'),
(558, 15, 5, '2025-05-02 10:03:08'),
(559, 15, 0, '2025-05-02 10:04:17'),
(560, 15, 0, '2025-05-02 10:04:23'),
(561, 15, 0, '2025-05-02 10:12:01'),
(562, 15, 0, '2025-05-02 10:12:03'),
(563, 15, 0, '2025-05-02 10:16:36'),
(564, 15, 0, '2025-05-02 10:16:38'),
(565, 15, 0, '2025-05-02 10:16:40'),
(566, 15, 0, '2025-05-02 10:16:41'),
(567, 15, 0, '2025-05-02 10:16:43'),
(568, 15, 0, '2025-05-02 10:16:44'),
(569, 15, 0, '2025-05-02 10:16:45'),
(570, 15, 0, '2025-05-02 10:16:48'),
(571, 15, 0, '2025-05-02 10:16:52'),
(572, 15, 0, '2025-05-02 10:16:55'),
(573, 15, 0, '2025-05-02 10:16:56'),
(574, 15, 0, '2025-05-02 10:16:59'),
(575, 15, 0, '2025-05-02 10:17:03'),
(576, 15, 0, '2025-05-02 10:17:07'),
(577, 15, 0, '2025-05-02 10:17:11'),
(578, 15, 0, '2025-05-02 10:17:13'),
(579, 15, 0, '2025-05-02 10:17:14'),
(580, 15, 1, '2025-05-02 10:17:18'),
(581, 15, 0, '2025-05-02 10:17:19'),
(582, 15, 0, '2025-05-02 10:17:20'),
(583, 15, 0, '2025-05-02 10:17:21'),
(584, 15, 0, '2025-05-02 10:21:55'),
(585, 15, 0, '2025-05-02 10:21:56'),
(586, 15, 0, '2025-05-02 10:22:00'),
(587, 15, 0, '2025-05-02 10:22:02'),
(588, 15, 0, '2025-05-02 10:24:37'),
(589, 15, 0, '2025-05-02 10:24:38'),
(590, 15, 0, '2025-05-02 10:24:39'),
(591, 15, 1, '2025-05-02 10:24:41'),
(592, 15, 0, '2025-05-02 10:24:57'),
(593, 15, 0, '2025-05-02 10:24:59'),
(594, 15, 1, '2025-05-02 10:25:01'),
(595, 15, 0, '2025-05-02 10:25:04'),
(596, 15, 0, '2025-05-02 10:25:09'),
(597, 15, 0, '2025-05-02 10:25:12'),
(598, 15, 0, '2025-05-02 10:25:13'),
(599, 15, 0, '2025-05-02 10:25:16'),
(600, 15, 0, '2025-05-02 10:25:18'),
(601, 15, 1, '2025-05-02 10:50:32'),
(602, 15, 0, '2025-05-02 10:50:33'),
(603, 15, 0, '2025-05-02 10:50:35'),
(604, 15, 0, '2025-05-02 10:50:36'),
(605, 15, 0, '2025-05-02 10:50:37'),
(606, 15, 0, '2025-05-02 10:50:38'),
(607, 15, 0, '2025-05-02 10:50:39'),
(608, 15, 0, '2025-05-02 10:50:40'),
(609, 15, 0, '2025-05-02 10:50:41'),
(610, 15, 0, '2025-05-02 10:50:42'),
(611, 15, 0, '2025-05-02 10:51:32'),
(612, 15, 0, '2025-05-02 11:45:15'),
(613, 15, 0, '2025-05-02 11:45:17'),
(614, 15, 0, '2025-05-02 11:45:19'),
(615, 15, 0, '2025-05-02 11:45:21'),
(616, 15, 0, '2025-05-02 11:49:50'),
(617, 15, 0, '2025-05-02 11:53:23'),
(618, 15, 13, '2025-05-02 13:19:50'),
(619, 15, 0, '2025-05-02 13:20:20'),
(620, 15, 5, '2025-05-02 13:26:38'),
(621, 15, 9, '2025-05-02 13:35:55'),
(622, 15, 14, '2025-05-03 01:42:06'),
(623, 15, 8, '2025-05-03 02:01:13'),
(624, 15, 6, '2025-05-03 02:19:22'),
(625, 15, 15, '2025-05-03 02:31:02'),
(626, 13, 14, '2025-05-03 02:33:08'),
(627, 15, 10, '2025-05-03 02:43:03'),
(628, 15, 7, '2025-05-03 03:05:15'),
(629, 15, 14, '2025-05-03 03:22:17'),
(630, 15, 15, '2025-05-03 03:33:12'),
(631, 15, 6, '2025-05-03 04:11:19'),
(632, 15, 9, '2025-05-03 04:38:20'),
(633, 15, 6, '2025-05-03 04:43:59'),
(634, 15, 7, '2025-05-03 05:55:50'),
(635, 15, 11, '2025-05-03 06:14:16'),
(636, 13, 5, '2025-05-03 06:21:09'),
(637, 15, 12, '2025-05-03 12:20:29'),
(638, 15, 8, '2025-05-03 13:19:25'),
(639, 15, 15, '2025-05-03 16:53:15');

-- --------------------------------------------------------

--
-- Table structure for table `user_wallet`
--

CREATE TABLE `user_wallet` (
  `id` int(11) NOT NULL,
  `user_id` int(11) DEFAULT NULL,
  `amount` int(11) DEFAULT NULL,
  `created_at` datetime DEFAULT current_timestamp()
) ENGINE=MyISAM DEFAULT CHARSET=latin1 COLLATE=latin1_swedish_ci;

--
-- Dumping data for table `user_wallet`
--

INSERT INTO `user_wallet` (`id`, `user_id`, `amount`, `created_at`) VALUES
(1, 5, 500, '2025-05-01 17:12:54'),
(2, 5, 500, '2025-05-01 18:05:59'),
(3, 5, 500, '2025-05-01 18:06:03'),
(4, 5, 500, '2025-05-01 18:52:20'),
(5, 7, 100, '2025-05-01 19:58:21'),
(6, 11, 500, '2025-05-02 04:06:42'),
(7, 12, 500, '2025-05-02 04:47:35');

-- --------------------------------------------------------

--
-- Table structure for table `user_withdraw`
--

CREATE TABLE `user_withdraw` (
  `id` int(11) NOT NULL,
  `user_id` int(11) NOT NULL,
  `amount` int(11) NOT NULL,
  `wallet` varchar(100) DEFAULT NULL,
  `status` varchar(20) DEFAULT 'pending',
  `created_at` datetime DEFAULT current_timestamp()
) ENGINE=MyISAM DEFAULT CHARSET=latin1 COLLATE=latin1_swedish_ci;

--
-- Dumping data for table `user_withdraw`
--

INSERT INTO `user_withdraw` (`id`, `user_id`, `amount`, `wallet`, `status`, `created_at`) VALUES
(1, 5, 40, '09366522515', 'approved', '2025-05-01 17:25:04'),
(2, 5, 10, '09366522515', 'approved', '2025-05-01 18:06:12');

-- --------------------------------------------------------

--
-- Table structure for table `withdraw_requests`
--

CREATE TABLE `withdraw_requests` (
  `id` int(11) NOT NULL,
  `user_id` int(11) DEFAULT NULL,
  `amount` decimal(10,2) DEFAULT NULL,
  `status` enum('pending','approved','rejected') DEFAULT 'pending',
  `created_at` timestamp NOT NULL DEFAULT current_timestamp()
) ENGINE=MyISAM DEFAULT CHARSET=latin1 COLLATE=latin1_swedish_ci;

--
-- Indexes for dumped tables
--

--
-- Indexes for table `earnings`
--
ALTER TABLE `earnings`
  ADD PRIMARY KEY (`id`),
  ADD KEY `user_id` (`user_id`);

--
-- Indexes for table `ref_commissions`
--
ALTER TABLE `ref_commissions`
  ADD PRIMARY KEY (`id`);

--
-- Indexes for table `settings`
--
ALTER TABLE `settings`
  ADD PRIMARY KEY (`id`),
  ADD UNIQUE KEY `setting_key` (`setting_key`);

--
-- Indexes for table `transactions`
--
ALTER TABLE `transactions`
  ADD PRIMARY KEY (`id`),
  ADD KEY `user_id` (`user_id`);

--
-- Indexes for table `users`
--
ALTER TABLE `users`
  ADD PRIMARY KEY (`id`),
  ADD UNIQUE KEY `username` (`username`);

--
-- Indexes for table `user_bonus`
--
ALTER TABLE `user_bonus`
  ADD PRIMARY KEY (`id`);

--
-- Indexes for table `user_earnings`
--
ALTER TABLE `user_earnings`
  ADD PRIMARY KEY (`id`);

--
-- Indexes for table `user_wallet`
--
ALTER TABLE `user_wallet`
  ADD PRIMARY KEY (`id`);

--
-- Indexes for table `user_withdraw`
--
ALTER TABLE `user_withdraw`
  ADD PRIMARY KEY (`id`);

--
-- Indexes for table `withdraw_requests`
--
ALTER TABLE `withdraw_requests`
  ADD PRIMARY KEY (`id`),
  ADD KEY `user_id` (`user_id`);

--
-- AUTO_INCREMENT for dumped tables
--

--
-- AUTO_INCREMENT for table `earnings`
--
ALTER TABLE `earnings`
  MODIFY `id` int(11) NOT NULL AUTO_INCREMENT;

--
-- AUTO_INCREMENT for table `ref_commissions`
--
ALTER TABLE `ref_commissions`
  MODIFY `id` int(11) NOT NULL AUTO_INCREMENT, AUTO_INCREMENT=20;

--
-- AUTO_INCREMENT for table `settings`
--
ALTER TABLE `settings`
  MODIFY `id` int(11) NOT NULL AUTO_INCREMENT, AUTO_INCREMENT=3;

--
-- AUTO_INCREMENT for table `transactions`
--
ALTER TABLE `transactions`
  MODIFY `id` int(11) NOT NULL AUTO_INCREMENT;

--
-- AUTO_INCREMENT for table `users`
--
ALTER TABLE `users`
  MODIFY `id` int(11) NOT NULL AUTO_INCREMENT, AUTO_INCREMENT=17;

--
-- AUTO_INCREMENT for table `user_bonus`
--
ALTER TABLE `user_bonus`
  MODIFY `id` int(11) NOT NULL AUTO_INCREMENT, AUTO_INCREMENT=9;

--
-- AUTO_INCREMENT for table `user_earnings`
--
ALTER TABLE `user_earnings`
  MODIFY `id` int(11) NOT NULL AUTO_INCREMENT, AUTO_INCREMENT=640;

--
-- AUTO_INCREMENT for table `user_wallet`
--
ALTER TABLE `user_wallet`
  MODIFY `id` int(11) NOT NULL AUTO_INCREMENT, AUTO_INCREMENT=8;

--
-- AUTO_INCREMENT for table `user_withdraw`
--
ALTER TABLE `user_withdraw`
  MODIFY `id` int(11) NOT NULL AUTO_INCREMENT, AUTO_INCREMENT=3;

--
-- AUTO_INCREMENT for table `withdraw_requests`
--
ALTER TABLE `withdraw_requests`
  MODIFY `id` int(11) NOT NULL AUTO_INCREMENT;
COMMIT;

/*!40101 SET CHARACTER_SET_CLIENT=@OLD_CHARACTER_SET_CLIENT */;
/*!40101 SET CHARACTER_SET_RESULTS=@OLD_CHARACTER_SET_RESULTS */;
/*!40101 SET COLLATION_CONNECTION=@OLD_COLLATION_CONNECTION */;
